"y","x1","x2","x3","x4"
5.89065292027588,"a",0.945199818726778,0.221922505434047,"1"
5.31017439399631,"b",4.6815860708308,0.0839405813296595,"1"
1.12718150707742,"a",1.75303185981727,0.795687403378066,"2"
11.6309208939556,"b",1.8432958100917,-2.06603159449925,"3"
5.45906581985153,"a",-2.7552662790179,0.15904735706606,"3"
12.0484662264806,"a",-0.330887387284066,0.782680759449379,"3"
12.8404524623208,"b",2.85479904233862,-0.642828901855869,"3"
2.51971488399785,"a",2.99820464700161,-1.13656198971563,"2"
17.5135917708551,"b",6.09374015779964,-1.01275800167045,"3"
9.13368326865304,"a",-1.03326537488668,0.678242363544319,"3"
6.92035010354756,"b",2.31341378298016,-1.11343608311351,"1"
8.57257194398662,"b",6.6249494953973,2.75390725707431,"1"
11.5238476060778,"a",1.7643519057826,-1.39547862173283,"3"
2.33472277056838,"a",1.32991524513285,0.610990594201588,"1"
12.5373641186305,"a",3.16989426874587,-0.618399657344249,"3"
8.5656883042678,"a",4.3379578888859,-0.322501049404696,"2"
8.17240337261548,"b",5.06560648676688,1.31442176880545,"2"
9.8629631343649,"a",2.58309649777242,1.09318758631371,"3"
6.83351912930371,"b",6.39763887446732,0.273536247638246,"2"
7.57898615993853,"a",-0.0605514602273367,-0.766213809378279,"3"
4.99060081262391,"a",-0.728026280225692,0.778950091563828,"3"
0.10352866139371,"a",-1.63756885430709,-1.61705538321729,"1"
14.8360100939072,"a",4.23029537849166,0.616480845525198,"3"
7.8639937472247,"b",4.4037060014845,-0.391876877646754,"2"
3.29441049755673,"a",1.50162646412521,-0.0735595780981252,"2"
3.53676416889169,"a",2.09170240589145,0.511388383773486,"2"
5.76723490256649,"b",6.30564309522543,0.789594448551095,"2"
-1.37609487037554,"a",-0.988533423383429,-1.46110790928682,"2"
2.63942918846542,"b",2.96039967256596,-1.18092637683653,"2"
15.3922222528301,"b",2.82207978789178,0.853494559427515,"3"
17.0443575095667,"a",3.84934458944712,-0.589634117986264,"3"
1.5332337012417,"a",-0.139438386498858,0.738323962699877,"2"
0.570628101864185,"a",2.49695086535524,1.65640205025017,"1"
0.310325904791347,"a",1.58620120457139,-0.964901476713979,"1"
-1.7599500692872,"a",0.679480254059645,-0.730984593115577,"2"
3.32349985443118,"a",0.664967004300712,0.939078161373066,"2"
15.3735908022841,"b",1.81946310218668,-0.979545086497634,"3"
16.0837356504146,"b",2.14876986555784,1.44422327057783,"3"
12.6075113133694,"a",1.05972277875551,-1.02933381270405,"3"
-4.17394327980863,"b",-0.601928000446834,0.449941883984404,"1"
10.9699117909243,"a",3.43910371514227,-0.556481218084505,"3"
-0.756799880684837,"b",1.48801487546213,0.886572557932089,"2"
-1.98314893043945,"b",0.678308970930621,-1.32847959541654,"1"
10.5690198621182,"a",-1.55874433078114,-0.714896973563601,"3"
0.0980188335791534,"a",1.08679159131753,0.0915004559357322,"2"
8.13406294444965,"a",-0.976733063142276,-0.656305807069144,"3"
-1.48673565140916,"a",-0.917305019096074,0.0341123716715072,"1"
3.78302258031384,"b",2.00931682852602,-1.12220317151033,"2"
13.5314888481831,"b",3.49441708811513,0.348319083080986,"3"
12.2277133100412,"a",-0.0337927096141104,-0.366139855054713,"3"
12.5254972703705,"a",0.362730993138265,0.102170688688742,"3"
8.0692719875791,"a",-1.16351955559035,0.335439338578715,"3"
12.8368583137001,"a",2.40366791993256,-0.74997375691779,"3"
-1.71281932014482,"a",-3.75684223814352,0.564200176967058,"2"
10.9179495090698,"a",1.86877889135377,-1.10495835915137,"3"
5.10581744771234,"b",1.18251145403398,1.38186778302358,"1"
11.8314995492586,"a",1.28114326259953,0.441680054951912,"3"
-0.628572816554821,"a",0.00457800702801203,-0.332568854254035,"2"
9.15911597500838,"a",6.33771234119849,-1.56622594336175,"1"
-3.86443089257274,"a",-1.35215027339232,0.0940508257771778,"2"
14.4243327306028,"b",5.15597850473354,-1.30102527963069,"3"
0.213529607772057,"a",-0.496462577040994,-1.67611518299755,"2"
2.40761955996911,"a",3.25375596797833,1.48666853159165,"2"
7.21828658737961,"b",6.67508748767142,-0.991145775107235,"1"
5.72114929245022,"b",1.20216277074064,0.435061546201123,"2"
6.74746187089825,"a",-0.143869395516636,-1.43012338323709,"3"
15.3326621218824,"b",4.7490157480405,0.560556826957765,"3"
9.62566230566016,"a",1.24140751924345,0.282880648728923,"3"
11.0781052018824,"a",4.61661229921276,2.15538384662943,"3"
0.409967276140138,"b",1.01328128709863,0.847027367636357,"1"
10.2837724079433,"b",1.90580769953765,-0.558825555390412,"3"
-0.373046955829955,"a",-0.449985467718554,-0.684845655036391,"1"
3.65542970257881,"a",2.73753425300285,-0.114709422417244,"2"
1.89820728134261,"a",1.15293247417058,-0.864153883631649,"2"
0.285184076268592,"b",-1.73583786573862,-0.948871781249495,"2"
-0.449598094236756,"b",0.769252792485483,0.392983785254961,"1"
6.31582843546091,"a",-1.50037762414885,-0.297826276748418,"3"
-2.5117712449994,"a",-0.880560101949037,0.0614094327327264,"2"
0.292375824525874,"a",1.90988095320582,0.447038012560494,"1"
1.75637185161486,"a",-1.11219863219198,-0.692870715476395,"1"
13.0374521670439,"a",2.07425920466755,1.01978542257895,"3"
6.92577783697794,"b",4.39310641915939,1.09460274142745,"1"
8.36050100117676,"b",6.32614512115558,0.265827483150206,"2"
5.59120250591804,"b",2.79793096492342,-0.348847306178942,"1"
7.16249314046425,"b",5.28303907148965,-0.673426543071282,"2"
9.10786483248499,"a",-2.11117873449315,-0.862835924389246,"3"
5.78296261178443,"a",3.51148184522848,-0.0356431789412516,"1"
9.49481836816031,"b",0.310824045786791,-0.156107914307103,"3"
1.90279673996117,"a",1.79250653435148,-2.25770374518448,"1"
11.0239683780219,"a",0.474647761720633,0.463989710758158,"3"
2.52746228840749,"b",0.999053830701581,0.261303409406184,"1"
3.51196593279681,"a",2.33359796864587,-0.38353582888426,"2"
15.9129905907512,"b",3.57237949902383,0.0983111612158449,"3"
-2.5199821446447,"a",0.70440872796467,-0.630510549832188,"2"
1.77932981359712,"b",1.5004487374117,-0.456618846489482,"1"
10.1262686257901,"a",1.01115608002765,-0.375990951434709,"3"
7.97171767543058,"a",0.282656126856126,0.336655813975044,"3"
11.156070896425,"b",9.27374193526529,-0.0380007572827997,"2"
6.42002985401175,"b",2.97476011814972,0.190211148813545,"2"
1.2823253877249,"a",0.827557205024886,-0.109666517806314,"1"
12.0301572662516,"a",0.806567441264903,-2.13408775191068,"3"
2.05621673917792,"a",2.27273405953563,1.10718503018545,"1"
3.08891314880863,"b",2.05610071014277,2.06571686877353,"1"
3.92291287049617,"a",1.99131581461214,0.459104460958519,"1"
0.846228028723766,"a",0.267616295499687,-0.787346225930352,"2"
-2.63090257911948,"a",-2.26969122888909,0.0265796320751663,"2"
-4.10698874064127,"a",-0.847692460601239,0.163151992113996,"2"
5.7503912158069,"b",3.98018604421003,1.12393612539279,"2"
0.198003519756634,"b",2.0891997208463,0.184934341136209,"2"
8.69717379838732,"a",2.74806930447956,-2.21543324446461,"3"
-1.23865381295497,"a",-2.0754931835556,0.507926073290651,"2"
15.073341610042,"b",4.39828043361196,-0.848514313673408,"3"
10.7301375697059,"b",1.10654376435529,-0.280118980333635,"3"
-0.986782713801189,"a",-0.731286508464088,0.169316113554071,"1"
7.5191066134626,"a",-0.755030777858711,0.295787293207896,"3"
7.97551793653399,"a",1.37350549603778,-1.38431002952299,"3"
14.5214816486279,"b",1.58482080221511,1.76440864549006,"3"
4.32449481777852,"b",2.75043715584794,0.267981454529578,"1"
11.1409254572604,"b",-0.441729210558865,-0.485699736229052,"3"
0.112835257837309,"a",-0.698498380693431,1.54637828744162,"2"
17.9681114788907,"b",4.42762846607217,-1.75714993850181,"3"
11.2432761916089,"b",1.88919728008625,1.29311467452007,"3"
13.9278156378081,"b",2.52290602675409,0.00601857012270383,"3"
-0.42075393804023,"a",0.0568768992551877,0.108911028216718,"1"
10.4031119140551,"a",0.382231653562831,-0.882853169094409,"3"
-2.4736208931552,"a",-0.427851088847344,1.29636962214768,"2"
7.23833952330191,"b",3.90005311135911,-1.14881256930419,"2"
5.08194471737426,"b",2.8052607704268,-0.370249460165208,"1"
1.03436573295164,"b",0.597917915656569,0.804227567250584,"1"
7.81510178849357,"b",3.51797139693586,-0.0776912439191331,"1"
16.24728409332,"b",5.0305480644011,-0.373231853162263,"3"
11.4415518601437,"a",2.79458704016837,0.203906945820348,"3"
14.8620742183093,"b",5.01404386061538,0.288593524478509,"3"
1.27155868128605,"b",-0.585149564483804,-2.44219572049105,"2"
15.1365782040129,"b",3.43087753500435,0.229084753616998,"3"
5.36302928111112,"a",4.79273824669954,2.03519876765764,"2"
10.3308069397065,"a",6.35203172712972,2.43097555070736,"2"
14.3737889010894,"b",3.48701795553136,-0.228608681438096,"3"
10.611004982927,"a",2.7352934221524,0.665828135770329,"3"
4.45865429811435,"b",1.80584923883255,-0.221821794565988,"1"
13.1524502780364,"a",0.300146160324244,1.51107486504177,"3"
10.4709722060109,"a",-0.404121490797678,-0.273080545703203,"3"
1.87818934788425,"a",1.04498640614392,0.765128011033654,"1"
18.0450391064755,"b",7.65683902265647,-2.46638846988226,"3"
1.38866115083838,"b",1.41387652491335,0.0264586490275328,"1"
5.61790523959527,"a",1.2328996294566,0.135643519142872,"3"
-1.36339729776482,"a",0.202351902843848,-0.458398516600231,"1"
6.6993379828009,"b",2.93474943474217,0.509477810450173,"1"
12.841746479509,"b",1.81255040493818,0.823969600851529,"3"
-5.52636311881609,"a",-4.54541362225507,-0.513969593035142,"2"
2.66117525187777,"a",-0.363207682909081,-1.6151559397542,"1"
8.52380868763053,"b",7.79590579946106,0.805229192004769,"2"
1.63326567832384,"a",2.54168689371982,-1.52739282208374,"2"
5.80973667789007,"b",3.54300082050278,0.991839083871348,"1"
3.18011565120782,"a",3.08224057398863,-0.247391335557119,"1"
-1.1064613624598,"b",-1.54102891361202,1.44984289713333,"1"
5.68795355860781,"b",4.74570988061517,0.706920248956304,"1"
13.7562689681878,"a",0.382801036117768,0.893339365924942,"3"
11.6561923355341,"a",-0.313205604447264,-0.038720176464739,"3"
6.93461767569117,"b",1.66464144612796,0.893784189736587,"2"
1.14264233433708,"b",0.784090995014078,-0.0663396400721847,"1"
3.15744144904959,"b",2.34585005332261,2.13598971380123,"1"
7.65039251144881,"b",8.49573993420942,-1.73069591769215,"1"
-1.7043535959484,"a",-1.90207615167422,0.0815995658189319,"2"
2.18833079714555,"b",3.28091751448988,-1.19707336048714,"1"
-5.88122706953199,"a",-3.20790007215128,-0.215874519600132,"2"
2.50458175807073,"a",3.56172187742264,-1.58363544360779,"1"
7.51443141031845,"a",0.6979849887351,0.116338181847378,"3"
1.95848029140223,"b",1.10421466747134,0.654797350321825,"2"
-1.42690424701193,"a",0.510767102235399,0.553510239305069,"1"
-0.272349432322035,"a",-3.96309431914303,0.425563764090157,"1"
7.9677797593693,"a",2.41343750032661,0.360745885655998,"3"
9.12387726504118,"a",-0.53793991349162,1.33615108876767,"3"
3.70664742711588,"b",2.50841444311294,-0.394135251080645,"2"
-0.762104741329975,"a",-0.09045766214526,-1.57105490159569,"1"
15.0768710139524,"a",3.3408473086019,-0.88339850546361,"3"
7.28337534259339,"b",5.99673926929472,1.59344738031235,"2"
1.74146900811183,"a",0.207576166579084,-0.322535319770745,"1"
6.91988708157973,"b",4.51584072135161,0.0421330440172175,"1"
8.50926095576549,"a",-0.500285194470362,0.282453891657022,"3"
0.923944799982017,"a",1.15589210575734,-0.28514456330466,"2"
2.33231780615005,"b",3.71538730259584,-2.0121338185364,"1"
9.92441671419813,"a",-0.402979840653191,0.138969088536037,"3"
7.34806829092215,"b",4.15015138604396,0.942365865534933,"1"
17.0905295097142,"b",5.42921608027688,0.0499876308571785,"3"
12.230121186804,"a",2.4165582477807,-0.469972461080663,"3"
0.0920261937526692,"a",2.16442240667792,1.6650740960084,"2"
-2.16343285056398,"a",0.0318339837298726,0.336953339588043,"1"
-0.408883911091022,"a",-1.66361464586308,0.663460686697797,"1"
21.0893035644143,"b",3.91566089755215,0.506806611275214,"3"
1.75913622195092,"b",3.2902877338261,0.246098382472135,"1"
2.60800048823107,"b",2.29169251816564,-0.630454345324228,"1"
12.772501131536,"a",1.54112566258211,0.464208541420049,"3"
7.43926019692343,"b",4.62312471022942,-0.558696099779587,"1"
-2.28054562044998,"b",2.10762170377856,-0.0318935501729262,"2"
10.9006524575372,"b",1.64924165029952,-1.75899569932596,"3"
4.03636287116096,"b",4.23438170378771,-2.29230293633017,"2"
3.85572665504137,"a",3.19572041887364,0.648582074851267,"2"
6.0060978894916,"a",5.09625279040983,0.342935985731921,"2"
15.5947605490328,"b",2.32713807703719,0.102984839747508,"3"
2.3842157521136,"b",3.13844296084544,-0.912867060375741,"2"
6.89377765074846,"a",0.616776763006768,1.15144463176076,"3"
9.47513488146036,"a",-0.692648514539447,-0.629738993672903,"3"
3.25210727578808,"b",3.33586786023372,-0.253529664862018,"1"
9.76981997098199,"b",0.946651322907877,0.238654399204684,"3"
13.3251780965004,"b",3.37222798129529,1.45585665779604,"3"
14.0759838516721,"b",1.95755920691933,-0.0500593259370675,"3"
2.07528225881481,"b",3.52805342983738,-0.505041369184473,"1"
11.3405654079696,"b",2.57066434046002,-1.55505004126419,"3"
12.397034996612,"b",1.80887660439685,1.70916792335619,"3"
8.21734429031122,"a",-1.6237857452716,-0.297580366489375,"3"
1.23865520523041,"a",2.79415949219284,0.214800601737887,"1"
17.3601681215142,"a",3.24542974534231,1.24925650325299,"3"
5.51487489418158,"a",1.60146410096605,-0.0287274617714923,"1"
13.8368966927424,"b",3.27681014833013,-0.0613133238178237,"3"
-2.64649622483639,"a",-0.977314561453907,1.31220327386463,"2"
4.13809680224023,"b",2.04452669753068,-1.28469800460197,"2"
9.49768802645462,"b",1.87813894837997,0.650955679962681,"3"
3.37805510042612,"a",2.32477673249281,-0.171667020536113,"1"
9.79532211507282,"a",-1.32856074807424,0.58931844018495,"3"
14.7172500437873,"a",3.43973678200684,0.0498003673811181,"3"
1.06363645329539,"b",1.97651242949631,0.326077906293705,"1"
14.3605851921435,"b",1.24248340853181,0.36787514516687,"3"
6.14450423973116,"b",2.03262814223704,0.122978600104437,"1"
13.9057596278301,"a",2.35342215851123,0.113412675611969,"3"
3.57527032054171,"a",2.80060775276618,1.26706686799706,"1"
-2.70148506419477,"a",-2.47221041491665,0.624697387160012,"1"
-1.11942048869976,"a",-0.318318906984276,0.503583473748307,"2"
14.1992840143848,"b",1.19242542545191,0.0400722534908996,"3"
17.1998970394842,"b",3.41351317155016,-0.0242487560373564,"3"
11.2854154617923,"b",1.04067878027289,1.22904362369054,"3"
4.16579854457211,"b",3.50936497051789,-0.323307196735727,"2"
1.64327891184311,"a",2.3139073422492,-2.03783246877508,"1"
0.609185014212565,"b",3.89885838737731,-0.0453006587116805,"2"
-2.79610711152521,"a",-1.79131155714398,0.878996276356172,"2"
-2.46269746014766,"a",1.22849295293201,0.00816615192733061,"1"
2.510181506082,"b",0.896327185778015,0.766971707619125,"1"
0.847406719679201,"b",-1.40272930284462,0.332875710803909,"2"
3.76870582921296,"b",3.47941413080576,-0.624288075947855,"2"
-0.224356753661953,"a",0.66629492570011,2.28488480011343,"2"
15.9517904868966,"b",4.0453627193424,0.199691852116043,"3"
1.58186425585093,"a",-0.569059943115056,1.0415960181495,"2"
12.7488826457067,"a",3.99303544715798,-0.3388853449905,"3"
0.569264650096132,"a",0.00509132455989914,0.928748873876645,"2"
4.50626257021631,"a",2.02823759579572,0.538347123957679,"1"
2.59932267374321,"a",4.69386080634143,-0.633884068149081,"1"
12.1815546349483,"a",1.66573138603826,0.294044348474258,"3"
15.4571427242363,"a",4.45089097631933,-0.0735545504267341,"3"
-4.53318177027473,"a",-1.82669750696903,-0.682371894581552,"1"
9.06952423184273,"b",2.654316494795,2.2610062467625,"2"
2.83823805800251,"b",2.81991001936714,-0.773730247803018,"2"
13.2575181806304,"a",3.24409595675706,-0.519179561395672,"3"
7.89029329504011,"b",6.1136814733499,1.35430162245836,"1"
4.53886802249023,"b",2.50619775552726,0.367847633011849,"2"
2.5957155463254,"b",3.45315754433811,-1.13785823703721,"2"
6.40255204012945,"b",5.81325770428025,1.24481382911955,"1"
2.37316155030913,"b",2.74465934171699,0.443691898825316,"2"
1.35091421182162,"a",0.77925996300629,1.74497518390454,"2"
4.42582556061692,"b",3.56209384079811,-0.572421123686511,"1"
-2.96229673053952,"b",0.121777420420902,0.708746926469315,"2"
15.999014979411,"b",4.07958479690075,1.44539813508372,"3"
5.76233677510331,"b",4.46605057759655,0.778088809873146,"2"
0.311560561607674,"a",1.25700064488052,0.795862212667053,"1"
15.58806597982,"a",4.06961672877326,-1.51270390853539,"3"
2.14974739940194,"a",-0.653697023177381,-1.80068331227626,"2"
2.64960188420612,"b",1.86715322661728,-1.28079359787836,"1"
16.0598686264449,"b",3.46093044797609,-0.228294733490648,"3"
8.33834861014816,"b",3.34580852049014,-0.00381687919440363,"2"
15.9731672713555,"b",4.68419280529161,-0.145980340223924,"3"
5.34804554782611,"b",0.413321255350101,-0.582161435928643,"2"
0.998633787503146,"a",1.74337861439044,-0.12243906314848,"2"
5.50953561547625,"b",3.77819754115831,-1.02177557578139,"2"
3.36111190817167,"a",2.84508344385168,-1.07924796174946,"1"
14.1160399107323,"b",1.15809203445352,1.4664812011568,"3"
2.05893961614901,"a",-0.355974198497598,0.85018698591927,"2"
1.5024756190045,"a",3.55552358427636,0.860900882330037,"1"
6.96142968743002,"b",2.53222110587392,-0.0943742788906659,"2"
0.491375404124796,"a",3.52711809224921,-0.356299942800949,"1"
19.0311165944083,"b",7.53725345727515,0.31215452753418,"3"
14.0750493696519,"a",1.9002424045292,1.52028958133039,"3"
8.75591625505441,"a",-1.01825861705595,-0.704522973045676,"3"
12.2421682061432,"b",9.48520645614356,-0.865286922323045,"1"
6.43187747663833,"b",1.75183442172833,0.394023564734994,"1"
3.09228064553282,"b",4.36872849407768,-1.51636173782825,"2"
17.8344677727032,"a",6.34715392975865,-0.0859897212930213,"3"
15.9418588868888,"b",4.51046876812997,-1.28563650580235,"3"
-1.2745362776848,"b",2.43432882870256,-0.448401255496519,"2"
-2.70777487537733,"a",-0.554797758182001,0.847772556083623,"2"
1.54481990195926,"a",0.782137206912874,-0.777838188180787,"1"
1.8502604990154,"b",1.72523250809279,1.23679582162935,"2"
10.5652494266521,"b",2.19949849122426,-0.0735338613526462,"3"
5.93328685977273,"b",3.18800418979914,0.635295088841212,"2"
-0.505365664614453,"a",0.587798460513739,-0.546584528054459,"2"
7.87651039872245,"b",3.84642838676042,1.01621316292416,"2"
2.5529936490535,"b",2.25894639144501,-0.928740873841148,"2"
8.34031608264515,"a",-1.1891971528489,0.2417860871199,"3"
0.0616220326923331,"b",-1.00612126892172,0.789532444585746,"2"
-1.09620102097704,"a",1.04225462484788,0.718345426450304,"1"
2.44984529188563,"a",-0.213094707984904,-1.4593503170117,"1"
16.065949550708,"b",2.01065845918866,-1.1587128931996,"3"
2.57208552937112,"a",1.72568449849244,0.244127550370868,"2"
1.43333930379377,"a",0.329696309449454,0.622153968529171,"1"
1.56297316992015,"b",2.14544813045104,0.323515942842582,"1"
7.66571802969709,"a",-2.30823976198387,-0.688387541998584,"3"
1.76687784965789,"b",-0.157730694832542,-0.349408832801223,"1"
11.0767580495849,"b",1.76859738889635,-0.761397162246424,"3"
1.143942769122,"a",1.29670594827552,-0.724285701628907,"1"
11.4438527287293,"a",1.77113113257972,1.62717810932102,"3"
1.3239614887068,"a",3.60123531571607,0.339145753799619,"2"
-0.510046028192075,"a",0.761896023900691,1.78044851244853,"1"
-1.40562749128971,"a",-0.6178450578844,-0.155811722928206,"2"
6.91867207452103,"a",6.07867414778021,-0.581745853976394,"1"
2.99206558444172,"b",1.00681757190772,0.715741591132629,"2"
4.15043959363698,"a",3.58139758753777,-2.04661850763947,"2"
8.30793411394364,"a",-2.87174008723105,0.828356198675326,"3"
2.4083575281073,"a",1.39726910908094,0.0306188214132305,"2"
10.316343269249,"a",-0.719223352245053,-0.946733146750956,"3"
3.22911368218851,"a",1.45972058886833,-0.0499822052898465,"2"
-0.83088135844103,"a",3.30362648193102,-1.33040512045572,"1"
2.75545626834687,"b",3.80068270933615,-1.0411154378405,"2"
1.43313027483765,"b",-0.0882060839681,0.205630430733204,"1"
0.955306475235016,"b",2.03563432772463,-0.625627464549941,"2"
-0.21195524824782,"a",1.02170365202566,0.0973438921016188,"1"
10.7072730988163,"a",2.93479296751704,-0.792098225140577,"3"
2.43273203949007,"a",1.15196767859138,0.519891278217745,"1"
5.04008606905415,"b",3.23369079257355,-1.39211867047167,"2"
-2.39448535849976,"a",-0.962467956417411,-0.0852182460789126,"1"
10.5423882338017,"a",1.28125070441646,0.0103755589399899,"3"
13.089148410231,"b",-0.0407646666638874,1.64346985310202,"3"
-1.00183495150728,"a",-1.97292416357619,-1.0704149888725,"2"
5.32191224671796,"b",2.52108721847984,1.05959563858715,"1"
8.58860136334778,"b",7.05324523075967,0.0972862982672312,"1"
6.02970228392233,"a",4.97020314531506,-1.45466183844525,"2"
11.1254048589471,"b",1.90181611798905,0.196712985620349,"3"
-0.344292504880185,"a",2.88823249692681,0.216949450001017,"2"
-1.48449091274773,"b",-0.174628680894036,-0.0487346502454515,"1"
0.0037685548940698,"b",0.986852450131583,-0.610334532653787,"2"
5.97439616893109,"b",0.735914672423973,1.5764723397964,"3"
4.14794074863591,"b",4.62590001428575,0.775078319806804,"1"
10.673047640081,"b",5.65185553846545,-0.530718478480095,"1"
17.8027144597864,"b",5.37498628748772,1.06911123697341,"3"
4.91524281684372,"a",3.85672167022642,2.77651751806331,"1"
11.4642237066198,"b",5.78709913417711,-0.375259809410366,"2"
6.87304703982392,"b",4.91099687487204,-1.08130827271953,"2"
3.97355015618631,"b",3.33124730326375,-1.07599160971235,"1"
0.855077825330003,"b",0.697871829033823,-0.727858784043988,"1"
2.69124857470416,"a",4.09207251116368,2.11503310730879,"1"
2.91036704223674,"b",3.06790043084419,-0.231139200714016,"1"
13.7064514295549,"a",3.79279290417796,0.830511616049096,"3"
11.6292775738231,"a",1.39969081872764,-1.75865552030229,"3"
0.309465732405323,"a",-0.425698564195687,0.134793778985327,"2"
10.7605605464367,"a",-0.115154147242082,0.0355189085292752,"3"
2.38249459910262,"a",2.63788673590247,-0.227574899229831,"2"
6.79394430889804,"a",6.51183215859831,0.718152262148246,"1"
1.24710881165086,"a",0.365685681559254,-0.381536293803796,"2"
4.61859963615782,"a",1.58059953419554,0.036348566182419,"2"
0.962231885243206,"b",0.713025101767627,-0.304655230800434,"1"
9.52889706306294,"a",-4.045615731427,1.22861334035695,"3"
7.47879508270676,"a",0.600639589270322,-0.596669294810437,"3"
10.4052859830168,"b",-0.537532442341043,-0.206299723506535,"3"
4.96403269547832,"b",2.6260694718641,-1.72849289177037,"2"
4.07834898051719,"a",2.67095288581557,-0.895167458100741,"1"
0.327587355598743,"a",0.353668001464681,0.146627375835245,"1"
11.1171185708392,"a",-0.408698174277597,-0.196899763854645,"3"
13.7583356698919,"a",2.81541397463256,2.76538467448812,"3"
5.94326651671889,"b",2.86521832378639,-0.456907700631486,"1"
2.31564590951978,"a",3.53746583575656,0.0525472724192251,"1"
1.251471499924,"b",3.28055705235132,-0.0307466120470233,"2"
12.432575111168,"b",2.69137589641858,-0.616514268208122,"3"
-1.26035865567994,"a",-0.356440645506492,-0.430892786509768,"1"
2.2467361625486,"b",4.19980004412556,-0.126253691170137,"2"
1.46592349698828,"a",-0.0414229025605901,0.370994792849877,"2"
-4.90101679481334,"a",-0.621670221345225,-2.29520601345392,"2"
14.9524935029912,"b",3.48567110122129,-0.648028920767436,"3"
0.749081107922068,"a",0.593989187923557,-0.938881774049544,"2"
-1.04023992174827,"a",0.76275980311767,-0.126252780443342,"1"
2.6829507097472,"a",-0.140475316214815,-1.07793385073835,"1"
7.25666490898465,"b",5.89078114269395,0.706854542392766,"1"
1.09824254083383,"a",-0.209816709765602,-2.03499171944368,"2"
1.62377871466001,"a",0.767120802239645,1.80558005076809,"1"
12.4266685505914,"b",2.19035954829242,-1.45084555384222,"3"
0.456730094437353,"a",1.19489242445374,-0.458058710979606,"2"
-1.09415163330055,"a",-2.18101473533275,0.217688146748248,"1"
14.6168981802351,"b",0.372140115661709,1.92665294677543,"3"
10.3759394104347,"b",-0.61285798558111,-0.9256214007683,"3"
-1.10027907072098,"a",0.404725573388522,-1.44782458887441,"1"
17.8677407862785,"b",3.72281612452602,1.99553213950071,"3"
10.2474622361013,"b",-0.176697440233418,-1.31009628395586,"3"
4.05039578268609,"b",4.3666169083089,0.279055779454326,"1"
9.84329734285866,"a",-0.557296554054145,2.38106000532063,"3"
-1.06083699280918,"a",-0.966218979976816,0.598378764707765,"2"
-1.86095389065192,"a",0.26834507078854,0.870524375668146,"1"
8.04988417038746,"b",5.90553941243209,-1.01163209738765,"2"
-4.469255408506,"a",-4.41560323158788,-1.26054558134438,"1"
9.63459242175054,"a",2.60690863742136,-0.387366724380119,"3"
-1.32025451284318,"b",2.66429348697172,1.28194353735937,"2"
-0.391238816957037,"a",-1.49250244854529,0.979492339779584,"1"
9.87917179727972,"a",0.112765857204937,-0.342323936514405,"3"
19.1089635169064,"b",5.94043696113983,-0.441484701604189,"3"
7.80421061348565,"b",1.93494990181634,0.769226682280451,"2"
6.26239764638172,"a",1.67915458138745,-0.535011509026786,"1"
6.12851357964417,"b",5.83951932871091,0.769112369383548,"1"
13.0177630782338,"a",1.12950361134384,1.16331268823926,"3"
13.7405089139033,"b",3.07999159197821,-0.503045136646934,"3"
7.53634008115091,"a",5.63287745094223,0.00187055564727611,"1"
3.31265356930854,"a",1.28090179204549,0.33887815799421,"2"
3.21049437235108,"b",2.83637832460454,0.083452022322608,"1"
-1.1856008089709,"a",0.738872902475681,-1.88009401932932,"2"
3.15044472051452,"a",1.78683118327344,-0.47608521618196,"1"
7.18526806448103,"a",-2.71873274190186,-0.775187213512465,"3"
5.02604252635323,"b",3.37625442672394,0.270816520117444,"1"
13.6372589736393,"a",2.74482214278294,-0.855852143251037,"3"
3.31168620479142,"b",-0.0767668931682866,-0.129531232517311,"1"
2.34654716963871,"b",2.21013283791405,1.15475942266829,"1"
1.85264846448751,"a",-0.0610460242275233,0.6083937362285,"2"
8.27494370227588,"b",1.67739864100099,0.0827958365006707,"2"
-0.905145664847106,"a",-0.995136047121099,2.21161607740424,"1"
1.51259105639339,"b",2.97317580621768,0.715932564158219,"1"
0.251434712087939,"b",0.224320626203563,0.0389292444795942,"2"
9.75585198019431,"a",0.0217116614930777,-0.0578523666398904,"3"
3.13964580016959,"a",0.638393468152849,1.41619610823952,"2"
0.3286801485669,"a",0.624453723109754,-2.4829159665309,"1"
5.52191640763128,"b",3.00611846486042,1.59558142049765,"2"
0.281742906905624,"a",0.53031305378075,-0.157066650976871,"1"
2.52323356455508,"b",1.0446236514657,0.758654573412523,"2"
9.93008668921509,"a",-1.96203379715649,-0.930390661038163,"3"
7.28948466186404,"a",5.00430314190248,-0.637774881001848,"1"
3.53222415046928,"a",1.41216564062154,1.00330363031066,"1"
8.71651638657893,"a",-1.37762398320563,0.909624088192425,"3"
6.46728276725879,"b",6.24515269744952,0.305887936972407,"2"
1.37948463454084,"b",2.17605480342246,0.488318327159573,"1"
-1.4303636542852,"a",-0.319000581270508,0.960008833900376,"2"
3.59316200328558,"b",4.82463636320433,-0.632380533024858,"1"
5.10991383461184,"b",4.3894055639762,0.202369069255015,"1"
9.43357061886863,"a",1.74816655257456,-0.153040100728819,"3"
3.62790864133494,"b",2.48795397940588,1.84046106818996,"1"
-1.03919182509286,"a",1.58377802385032,-0.795655422817734,"2"
-1.6008852048917,"a",-1.43173120427507,1.22882551667445,"2"
11.3089841120196,"b",7.26068745627957,1.32223157497878,"2"
0.928751907694996,"a",0.265666037298795,0.178566807276975,"2"
0.297548721941248,"a",1.85525417387921,-1.12789610763686,"2"
8.88151084252205,"b",-1.10786807503272,-0.43427238142794,"3"
17.0119102740861,"b",3.85110848248641,0.968772601758586,"3"
18.1191713787005,"b",3.16256968662131,1.1905747644044,"3"
0.717827235805702,"b",0.571825565306964,-0.197554081360836,"2"
2.93680559108326,"b",3.10330725282647,-0.258137716303361,"2"
-0.70449109580946,"a",0.646664293599574,0.781185507904164,"1"
-3.0190553626569,"a",1.36278476960173,0.185821247948933,"1"
12.8909517019564,"a",0.326095460542981,-0.962399108749357,"3"
15.4764763911886,"b",2.77616647193525,1.27518183060498,"3"
0.00164205349418767,"a",2.81443073479519,-1.06545354531566,"2"
4.71443833163177,"b",1.24695691885006,-1.27739368148262,"1"
15.3409469349112,"a",3.6286712228789,-0.0323028815914786,"3"
3.81368267824281,"b",2.72706644475894,1.56587561402917,"2"
3.64338445934489,"b",4.09537886153276,-1.82478998858816,"1"
2.20453180857881,"b",3.50200856931758,-0.680571929830574,"1"
1.04960817228703,"a",1.78755819460463,-0.129413316611688,"2"
14.8358170031058,"b",2.97252036922205,0.0457839939036355,"3"
0.299399407092098,"b",-0.443299640810809,-1.28173685414674,"2"
7.11847176168566,"a",-0.755969669249487,-0.447940742639995,"3"
11.8279210216596,"a",2.20582446040504,-1.14849965535463,"3"
1.14097370953993,"b",2.32062953409785,0.47307373305245,"1"
10.8004171902179,"a",3.13155378239168,1.20335473011336,"3"
1.12900028386152,"a",2.31862867025509,0.78921182516821,"1"
0.278692705931556,"a",2.04361223832953,-1.20624928698464,"1"
5.20159586141722,"a",4.60645726546621,-0.822101331356728,"1"
1.73534643248766,"a",0.177579253224996,0.133581360654799,"2"
5.60192047601767,"b",2.3726763086835,-0.0517173370837826,"1"
6.18744492142687,"b",5.89345946982808,-0.663328671448772,"1"
-0.0516537653250837,"b",2.69628122496221,-0.052862243043969,"1"
2.565604544993,"a",1.11053065255368,-0.335024903037089,"2"
1.1222012881045,"a",2.2767066149048,0.113747386421808,"2"
11.9610233305835,"a",1.64200303328311,-1.51726971313038,"3"
3.17246781776907,"a",2.12040043407688,0.927724392586578,"2"
7.81940838281575,"b",3.90343474638345,0.879288023676411,"1"
-0.294017814891776,"a",-0.793247213372025,-0.10910178737796,"2"
1.8705855082637,"b",1.29229155903228,-0.750145562009523,"2"
7.3424040833042,"b",4.46062137651834,1.26298501942421,"1"
1.36166820445022,"b",-0.419917724042148,-0.421561663279572,"1"
4.32749181805239,"b",3.10271642299112,0.764633512824253,"2"
-0.860489078808127,"b",1.20910267058432,1.62841146079923,"1"
8.3824573739717,"b",6.2110263081292,-0.474179945792959,"2"
15.0596277943936,"b",0.524243211875749,1.86058347160472,"3"
-0.946411338211425,"a",0.0967089398226405,0.0941235610924604,"2"
3.78673218381714,"b",2.19543248506981,-0.0605038306108853,"1"
0.331584240582029,"a",1.01298901682764,-1.35684424204084,"1"
11.7756710897179,"a",3.3507059343167,1.46297618801412,"3"
1.63764952580414,"a",1.94526472386607,-0.20878922743388,"2"
13.2339858372985,"b",3.93709705705817,-0.674082767973203,"3"
-0.52120732946973,"a",-1.39381227196139,1.26005263490168,"1"
5.80538169194459,"a",-1.11607215623918,-1.00994116550505,"3"
0.789389953660997,"a",1.60538664337513,-0.789435658566975,"1"
14.7353277116111,"b",2.8758751965573,0.491390411996703,"3"
17.2081183772425,"b",4.65378330834878,-0.817212488173725,"3"
5.32828764201571,"b",0.832840152852663,-0.208546029674837,"2"
14.1805783904144,"b",4.64217984614897,-0.856369566082669,"3"
10.4416559007405,"a",0.519035556713027,0.0500796330076174,"3"
15.7160216610008,"a",6.57050368618558,0.300392406553526,"3"
3.93686157191898,"b",4.92457747798849,0.970915729555776,"2"
8.63999386383903,"b",6.37070717024865,-0.405938649005026,"1"
16.2935243673209,"b",5.57761225876112,-1.04263025943227,"3"
14.8155942332369,"a",1.17843702352323,-1.38734584034952,"3"
7.57771149609617,"b",4.66136445725953,1.41764018150642,"2"
15.1909435269186,"b",2.17925446701056,-0.988695265675813,"3"
1.86133607896812,"a",3.29881791870183,0.0187898314523597,"2"
1.18861817898272,"b",-0.773970859383518,2.01690918483636,"1"
5.73645366152268,"b",5.30366425197792,-0.903112939137391,"1"
4.3586382342151,"b",3.06570495259536,0.783504449885036,"1"
2.35462300858226,"a",0.52649554121666,-2.25013176635272,"1"
15.3966804378915,"b",3.53490547330929,2.32621909543723,"3"
12.7741615226364,"a",3.10752819323061,0.817641554478292,"3"
4.72544892199362,"a",3.38704923872885,-0.439491648137071,"1"
-2.93224366366438,"a",-2.1010929281262,1.04496519711282,"2"
8.74525264895287,"a",-0.566155834167688,0.579117666484155,"3"
5.24925211486495,"b",5.03691386863581,-0.840713063956832,"2"
3.57156692480139,"a",1.90164018168876,-0.439107419669658,"1"
7.22684595345616,"b",4.72550792305281,0.1429358701809,"2"
4.15998800342121,"b",3.47418394696252,-0.437270426942684,"1"
0.500732265249446,"a",2.06090159908395,-0.0464016591314897,"2"
-0.573068527168196,"b",1.55861280299263,1.95255374625147,"1"
-2.28946397913115,"a",-2.78912968657765,0.602050945330728,"2"
4.50731304972212,"b",1.95327017146945,-0.423493960048968,"1"
-0.900926873548724,"b",-0.345123028890618,-1.94977380397811,"2"
8.97243635683097,"a",-0.343333471701073,0.00377611966384444,"3"
3.30309376655684,"a",1.68740025480455,-0.859310930413402,"1"
17.3648080183284,"b",5.92584393972401,0.393200039342262,"3"
5.10199916206759,"a",4.13674404371604,2.18664604967294,"2"
7.90651735881808,"a",6.08020731705508,-0.539832023471015,"1"
4.57660515005193,"b",2.46770125067546,1.37676719740607,"2"
9.70849536727045,"a",0.846246278639706,-0.0830505621660042,"3"
8.00096225620805,"b",4.05453104932047,-0.967053606771737,"1"
-2.28391696730012,"a",0.896085377103641,0.87745744016764,"2"
3.64855475934447,"a",1.08300939966328,-1.11631706009799,"2"
-3.92881877956792,"a",-2.51384268979108,1.4773106576766,"2"
13.8969459951274,"b",1.53558869923796,-0.502049209485802,"3"
6.81967539442832,"a",0.453608576221064,1.36369542174136,"2"
1.19753913393114,"b",0.619851048340133,-0.279854460426003,"1"
0.171246564516128,"b",1.28099950613253,-0.628377092814039,"2"
1.67838880912691,"a",-1.73078280785033,1.15701753275235,"2"
5.23852057059956,"b",4.06266997157377,-0.340516157981218,"2"
12.6263265505401,"a",0.0120745500641528,0.644800549259019,"3"
11.1301348164367,"a",3.00547955071582,-0.398728562081128,"3"
-1.20466203763309,"a",2.43865244496777,1.2631112907139,"1"
7.51536810067058,"b",5.22828113393735,-0.112196770401164,"1"
4.05520349805589,"b",5.78884364871102,-1.83298066590912,"1"
-1.06510530816976,"a",1.49762886280175,1.42963595881824,"2"
0.956035382247402,"b",-0.243150953157905,0.871187930638047,"1"
7.10381014677714,"a",-3.83746418024026,-0.701152054314804,"3"
3.71762762760974,"b",3.32359568158372,-1.51076082359466,"1"
7.23899542638598,"b",5.3567203374343,-1.90444544908914,"2"
3.57498340125536,"b",4.39653562483979,-0.869584872524069,"2"
10.5223171910921,"a",0.698411797860577,0.372370463876316,"3"
13.9695205243713,"b",5.64260989839692,1.60148599312713,"3"
11.414755830711,"b",3.46556516538456,-0.898339398499624,"3"
0.885867054104106,"a",0.715455478849999,1.54692675236961,"1"
13.6667017782771,"a",0.592001606790034,0.53050305433372,"3"
3.55690211773292,"b",5.03044905171955,-0.48112770864222,"1"
3.74685389113829,"a",4.26887059224171,0.159884159358254,"1"
-1.05301061944737,"a",3.1683607361464,-1.7640911905693,"2"
3.695087995319,"b",0.0740480020902186,-0.645147098230059,"1"
10.1995161972416,"a",-0.358382248093624,0.182225768285546,"3"
14.8183621135131,"b",4.21016884164968,0.0538207207841124,"3"
15.354697407071,"b",6.7776473250463,-1.57940466954243,"3"
8.3945214163758,"b",0.771031203033341,-1.5675252738136,"3"
-2.21604251141219,"a",-4.38356066679272,1.24219726443889,"2"
17.2091574422059,"b",8.03472204286144,-1.52130952472391,"3"
11.3317301353626,"b",1.48832688367986,-0.419940637550882,"3"
4.53172137953923,"b",5.9094268481146,-0.859672200974023,"1"
18.7620031239704,"b",5.68966458725464,0.00049703459832302,"3"
10.8600445019646,"a",2.00053598590068,0.811432374009622,"3"
-1.81043587572734,"a",-0.145982060692219,-1.7555668218645,"1"
7.72001429461057,"a",-2.32796476149427,-0.293452782880696,"3"
1.62048621707112,"b",4.88422057633373,0.747690762912332,"1"
1.39596118465062,"b",2.89835313740289,-0.290540339975521,"2"
-1.71027983623205,"a",-0.756832303423494,0.894704573635072,"1"
19.6922606548768,"b",6.43113203071185,-0.539838814614827,"3"
6.21886342460442,"b",4.99688006726728,1.93392063440841,"1"
9.30141979110538,"a",0.352557363714941,-0.39241832043108,"3"
13.3541749724906,"b",2.32738369315707,-0.700314220531047,"3"
0.973928340268047,"b",1.41034311011327,-0.469724379122951,"2"
10.4177877885814,"b",2.06357273370785,1.22900830287891,"3"
0.2674367411209,"a",2.84710840572448,1.49219799764972,"2"
1.29822010513247,"b",3.68486959104513,-0.612314414347441,"1"
14.3135720169476,"a",2.3331048877452,0.768734104910888,"3"
3.54756834376218,"a",1.86931607899525,2.58531044155546,"2"
13.311950135382,"a",-0.879712486566948,1.14161495403861,"3"
0.777906389862868,"a",0.112083180385411,0.161449163972788,"2"
-3.70096303615961,"a",-2.8685810195186,0.0386254907440899,"2"
5.56109762075125,"b",1.58517950978384,0.420956683276512,"1"
1.61167668199533,"b",1.51887722713852,-0.113464248776016,"2"
0.0103810259205779,"a",0.628812542312305,0.935504314334609,"1"
0.414106482148525,"b",-0.635454694825166,-0.854105510900681,"1"
10.4119407566438,"b",0.175573886407145,0.307540685832283,"3"
2.01819064008055,"a",2.41331657764711,0.672462690709487,"2"
10.5104594669534,"a",-2.59701402294115,-0.132658079259419,"3"
6.92123077291339,"b",3.68668254899786,1.67880591448943,"2"
11.1813642236894,"b",1.91990568823653,1.5254933117021,"3"
11.8732700138642,"a",1.5502995466274,0.736581819773201,"3"
8.64409593246886,"a",-0.587655464087238,1.82488356573528,"3"
6.18974336512168,"b",3.13457502980877,-1.88171848521853,"2"
2.51748271959975,"a",2.55788819640972,1.33044288205628,"2"
3.59504032099837,"b",5.17503028791965,-0.683511410568686,"2"
2.97222374225448,"a",2.87058194126981,0.325297057733851,"1"
-1.35456526865478,"a",-2.18603134230306,0.127800326073395,"2"
10.1004439352963,"a",0.223201543332535,-0.106229924323629,"3"
13.6847564701024,"b",3.97770267655466,-0.178870737219509,"3"
11.0712203149907,"a",-0.635271617353783,-0.52564480186981,"3"
5.71325541544326,"b",4.69351148947454,-1.45341220249041,"1"
11.297041758595,"b",1.34619882513305,1.33475156061373,"3"
12.8938791130796,"a",1.75488072180718,0.773130158738317,"3"
4.07318204688393,"a",1.54459816848087,0.545892742484019,"2"
2.0438351072126,"a",0.301976271210877,-1.27649010169305,"2"
5.53727311745967,"b",4.43649105380088,0.740486172765494,"1"
1.70789306067071,"b",0.695349798456439,-0.617665343289445,"1"
0.732547053454802,"a",-0.431442135357049,-0.380990599487107,"2"
11.9979829209594,"b",3.52200585095251,-0.0669696786650085,"3"
-0.887071886309542,"b",0.436359649063365,-0.301328481416091,"2"
-0.698593905505499,"b",-3.86749491112454,-1.04367782716584,"2"
2.42521691323719,"b",0.863949525763399,1.17458235860215,"2"
12.7606922234669,"a",1.29096168914741,1.19794473011992,"3"
6.63513344871516,"a",2.36902952977032,-0.139815531416765,"2"
8.95169344752307,"a",0.817846568250125,-0.495260766277293,"3"
3.27247010097244,"b",2.49779732068773,-1.10137239842856,"1"
6.78328026379454,"b",6.74640097672285,-0.573182935395192,"2"
5.33632764117129,"b",5.28169220080589,-1.22742358118236,"2"
2.14427607420819,"a",0.928023222626365,-0.26790656721165,"2"
-3.16840939823958,"a",-2.74853931295604,-0.954108401057769,"2"
4.47486099763785,"b",2.21569690879067,-0.434246898087168,"2"
1.46763686080747,"a",0.73798863212674,0.329605304381478,"2"
16.396344798152,"b",3.87072076274987,-0.610730044252611,"3"
0.356319698171924,"a",-0.802375364291457,-0.705351183750767,"1"
-1.47266976676076,"a",1.1321356265367,0.632888330981257,"2"
0.0476717321731785,"a",1.52206645161672,0.230867548408874,"1"
11.4947771459206,"b",1.55916717724441,-0.329518749298987,"3"
-1.58133890134825,"b",0.999544529990526,-1.58408672558894,"2"
2.85444312770591,"a",1.90924325588273,0.227626434940362,"2"
12.1868060490373,"a",2.59047418454729,1.48930610224402,"3"
12.0732810378445,"a",1.66243618097073,0.686954989222583,"3"
2.01527210958865,"a",3.69638254041508,-0.886669604503664,"2"
11.0497302028959,"b",5.55862882163838,-2.63371781076713,"3"
18.090138887647,"b",5.36529706033802,-0.939032102171558,"3"
9.61600608266152,"b",5.34433883184547,-1.16173872985245,"2"
5.96556182445722,"b",1.95692965016313,0.197810762565889,"2"
6.3726755301771,"b",6.54016930879015,0.0232301023060217,"1"
-1.14941991229824,"b",-2.25791287379831,0.171623400492349,"1"
11.8772442788131,"b",-0.000119617901422231,-0.96451843243812,"3"
13.85526209596,"b",2.62705795255644,0.353641170833558,"3"
3.89721725373266,"a",5.0167239046328,-0.0525601297351206,"2"
5.89940617538225,"b",5.16725861199035,-0.513323734885901,"2"
2.49933861516454,"a",2.06599087640998,1.50398425709908,"1"
3.80359070664491,"b",4.41388856655201,0.358966891208107,"1"
12.7486290987138,"b",3.86247637427557,1.71965888844846,"3"
13.0760518435584,"b",2.06363469077418,1.03624757912218,"3"
1.35000986399955,"a",1.99580264236686,-1.56860093857386,"2"
11.7120219514026,"a",3.94626798470861,-1.49694646783898,"3"
4.5344574730083,"b",2.33294550964547,-0.531767240620801,"1"
17.1740246251272,"a",2.7215060260892,0.755614275129572,"3"
-2.47759917307135,"a",-0.761897592696515,0.132671209385259,"1"
9.61721143584367,"a",-0.585127406512398,-0.165774788713247,"3"
12.7183788532375,"a",2.28617943513121,-0.692043438092382,"3"
0.202640115426185,"b",-0.260134889902878,-0.034940095672775,"2"
-0.670164524030723,"a",1.33853350977717,-0.694357058996113,"2"
3.67108988512894,"a",2.51788351061666,0.5690356506277,"2"
3.88616239152728,"b",2.56708999703097,0.178817476949305,"2"
0.589502630276675,"a",1.56017507110872,-0.134211502221068,"2"
2.23019502981316,"b",3.14678550018838,0.727233268792241,"1"
14.1859526332084,"a",5.52724552362755,1.18172461075553,"3"
14.5168402428573,"b",2.95677679765387,-0.738388079158174,"3"
0.00221176318343452,"a",-0.782422200427632,0.128388917953238,"1"
-2.35006733080608,"a",-1.84839872049595,-0.148586247908604,"1"
0.388020823719516,"a",3.66663351824058,0.295224918965564,"1"
6.379023820637,"b",3.52597134770518,-2.63018523322766,"1"
-1.58213146846296,"a",-0.377465912243213,0.0854696876896176,"2"
4.45625296509948,"a",2.31176129887219,0.417770059776196,"2"
10.8067323893447,"a",0.636804175209927,1.39468163913758,"3"
2.06246369237512,"b",-0.460522391416581,-0.897860961478441,"2"
19.4027573234478,"b",6.41919150379667,0.941898204433497,"3"
1.57296462331867,"a",-0.00847967289636542,-0.520995648026977,"1"
7.36411939834246,"b",1.49555395111372,0.846013081503642,"3"
7.81676365132406,"b",5.81600585065748,-0.18554550568224,"1"
14.3584996610319,"b",2.03486916464321,0.68329055220797,"3"
3.68022121787533,"a",3.58218844459045,2.03045846206535,"1"
2.66732053534201,"b",3.3444982838578,-0.400402392718734,"2"
7.98951257547654,"b",3.45099546918247,0.164268186665006,"2"
7.91765960706413,"b",2.90999526259919,2.36878022287216,"1"
-0.611163086574988,"a",3.44370906730541,-1.32108228385484,"2"
-1.96392386462664,"b",0.666270691250175,0.250980617296019,"1"
5.54784125883748,"b",4.81477643670127,0.570703812532681,"1"
7.0368113436548,"b",5.98087919548785,-1.45127955359562,"1"
6.34975538557136,"b",6.5248856076942,2.01954911325986,"1"
2.30571186383527,"b",0.83488634842237,1.96668293335431,"1"
3.44558618862848,"a",0.739831645327132,1.35559898103714,"2"
3.64457764150682,"a",3.65168822851297,0.607150120081673,"2"
5.91185458315644,"b",5.43048582906896,-0.161304900221201,"2"
0.550109213304182,"a",1.52451764761865,-0.50223919578607,"1"
11.3864800743515,"a",0.10871895965625,-2.03743090498708,"3"
5.97411830526064,"a",3.02679452697779,1.67361970635007,"2"
10.5644909961891,"b",6.01945766110406,0.991895244705953,"2"
-2.38603204021513,"b",-0.102764470290579,0.283323924122536,"1"
15.6329441478372,"a",3.67992736526863,1.34207597203837,"3"
7.90612397253886,"b",3.09909327021429,-0.545916108789626,"2"
7.92171134473781,"b",5.17364226828703,0.675271862388075,"1"
3.30853120101884,"a",1.68066957990882,0.764733124628501,"2"
11.6873367795313,"b",2.81862181963106,-0.778456667054405,"3"
2.37516563076217,"a",1.72264964155295,0.509653480919998,"1"
11.4644544242286,"a",-0.871887481351651,-0.769720806433251,"3"
9.65748236053985,"a",-0.608678352732396,-1.40503011384322,"3"
17.3442374650198,"b",2.75928778683403,1.17016435296313,"3"
0.547719583248981,"a",-0.807551376367765,0.842446067148442,"1"
8.79536043256843,"b",7.01281258814226,0.53653670087376,"2"
6.13293262700243,"b",3.10066569808257,-0.0846062984861822,"1"
12.5466870761899,"a",3.35373925262494,-0.892811572167635,"3"
1.95053894663027,"b",3.71235719294696,-2.13369150537318,"2"
14.5156478327328,"b",2.74920921582176,-1.86284406183452,"3"
7.92337413198823,"b",4.20482768103877,-0.517978068484222,"1"
5.43358019918595,"b",5.66763206864406,0.864903705642477,"2"
8.73452035325107,"b",1.70241747734626,-0.497404064141259,"3"
10.728498257001,"a",0.0344136054646721,1.58613478097888,"3"
14.1507368204659,"a",2.41576353921233,0.462197373187608,"3"
-2.07860936441035,"a",0.643565632663842,-0.691576364741582,"1"
13.9226278535103,"a",2.68928716342724,-0.736370135497028,"3"
3.91861046252609,"a",3.02539828401191,-0.24464123373365,"2"
-3.91840492604921,"b",-0.850185195904972,0.168103768964843,"1"
1.53311508034157,"a",3.21842081775965,-0.897505659796701,"1"
1.49914133552715,"a",-0.187481680157157,-0.135961283966166,"1"
5.39349080480621,"b",1.29382601744765,-1.13441853902882,"2"
-3.93315803182271,"a",0.537415672449468,-0.475173627812864,"1"
7.28080737870782,"a",-0.191424501526213,0.100611159278111,"3"
4.20421495906652,"b",4.93292397320843,-1.2680184100788,"1"
16.4916972402484,"b",3.41971446128515,-1.5172632101799,"3"
-0.22050678363997,"a",-0.0198578117356523,-0.382588229360877,"2"
13.5313629499193,"b",3.91348056966407,-0.0455817507224467,"3"
10.7881390851751,"b",1.16810166313923,0.0982540135801277,"3"
4.10146247431872,"b",4.28334581768644,-0.626981843034911,"1"
5.55469466651041,"b",5.97197170064008,-1.00851283357234,"1"
6.12975486344404,"b",2.54566318249946,-0.382323884999211,"1"
14.2852222344774,"b",3.43169841239781,-0.654553469321987,"3"
1.23810324278721,"a",1.97875743491153,0.45585611017365,"1"
4.64576185546452,"a",1.78001127018342,0.536614753509737,"1"
1.76254653343245,"a",2.37935081536452,-0.634175355438881,"1"
13.5917136768931,"a",0.488022531774238,1.49290189651509,"3"
9.39064419593736,"a",-0.873187314363017,0.0980004691812889,"3"
5.04064078921635,"b",1.18803331457158,-1.10070563278384,"1"
6.6983039544408,"b",-1.95489423851389,-0.277707214366144,"3"
8.22841876347091,"a",0.830146997293826,0.679639602907548,"3"
20.9501790068918,"b",9.58081591232673,-1.13417136733081,"3"
-4.28041308310277,"a",-1.01508476782628,-0.61233677484186,"2"
0.684138609007377,"a",-0.547514339878921,3.10050165365197,"1"
-1.56805648782962,"a",-0.901481681965844,0.24631189560886,"1"
12.9625934997521,"b",1.62476175774855,1.09360130036478,"3"
3.1402429882923,"a",1.02280932135195,-0.634867281924832,"1"
8.96859393094481,"b",0.390399504257305,-0.586988277731234,"3"
18.3412884439594,"b",4.15481983203239,0.489891892000051,"3"
3.25297154799383,"a",4.67301417433009,0.525357165180151,"1"
13.4213754591428,"a",4.41498683590945,-1.0735700554611,"3"
11.6851685754375,"a",1.11135177769077,-1.38908976424326,"3"
4.45642723106293,"b",3.831462846111,0.742136375213061,"1"
11.903955788971,"b",3.41599916360937,0.167389983765267,"3"
7.76293127170496,"b",3.69840756564891,0.294888198926836,"1"
10.7335200118852,"b",2.55520774876161,-0.829872222319162,"3"
2.0803240770713,"b",2.59008294739894,1.31584725910026,"2"
11.0440191007025,"b",2.71174394066086,-1.93583879994633,"3"
14.599013415124,"b",4.18214048206866,-0.863471832228428,"3"
2.50777835235708,"a",0.562367310533136,-1.74373498419001,"1"
11.7257692253397,"a",1.02327916981675,-1.86232753037814,"3"
9.48248439921282,"a",0.926211668623934,-1.25081526369668,"3"
11.9803403972838,"b",1.24847762806805,-0.508109401951804,"3"
7.69306170321555,"b",6.04237127578995,2.12288609410109,"1"
-5.73845863025111,"a",-2.88418425120554,-0.966330439962663,"2"
-4.63820926501056,"a",-4.95379684662815,0.0347935576208293,"2"
-2.71938302670309,"a",0.703697492338217,1.47272262359107,"1"
3.04284285114149,"b",2.51631263295198,-0.743508125278745,"2"
9.01731334309721,"b",1.07208403343775,-0.517033645413375,"3"
0.0854629591424585,"a",0.52339103339845,1.12106478617938,"2"
6.89640531191885,"b",6.22899541764751,1.43413996763224,"1"
1.72120595724092,"b",1.48407423786114,1.44255069626121,"2"
2.56650185421811,"a",3.08352349531606,-1.30749372474052,"2"
5.41218117107453,"b",1.63243780243501,1.26207821776769,"2"
4.28115960203035,"b",5.53151733719695,-0.603099257455625,"2"
-7.50113701887329,"a",-3.30993511903055,-1.97741766013764,"2"
1.02258587953716,"a",2.61414622630901,-0.58420678858835,"2"
-2.00749139444367,"b",2.68893793269794,-0.741935831291664,"1"
4.62904724437792,"a",2.19150029254078,-1.17846293692047,"2"
17.0527190701821,"a",1.92566721900278,0.159850215116486,"3"
1.86561210351302,"a",0.363156315849604,1.02944933917628,"1"
15.5805338899779,"b",3.54450935114848,-1.05155808131302,"3"
-1.81478787521648,"a",-0.499760889055581,1.64215777887636,"1"
13.2705837170528,"a",-0.716757394214864,-1.02015235746879,"3"
-2.66759718375376,"a",-0.475935285346527,0.939351133384048,"2"
9.36015585807661,"a",0.741106022432322,-1.4364952258967,"3"
7.22834632095385,"a",-0.211743220002424,0.597324232431353,"3"
0.103633819376043,"a",-0.990656281454681,1.26835399881671,"2"
9.55824841070005,"a",-1.41217273114129,-0.156456498598882,"3"
5.4298782532111,"a",0.859164998776174,1.04704192489414,"2"
6.63000122961754,"b",3.0319155755583,-0.204239464259669,"1"
4.47400448941223,"b",2.71103433746908,0.271388428999365,"2"
-3.98437046281132,"a",0.886079606795884,0.181196852856228,"2"
-1.66337140430636,"a",-0.7989484252587,1.20109222998804,"1"
3.71483089749252,"a",0.080754883334523,-0.228486554434238,"2"
15.3615533142383,"b",3.62330296747827,0.0986011834957806,"3"
14.2272643784721,"a",2.76880848610526,0.641699968330865,"3"
10.8237196571199,"b",1.97282466618171,0.00387601223901164,"3"
1.0522634434106,"b",3.88741609211462,0.579832651721684,"1"
10.5788730171698,"b",2.27124964160528,-1.46024773680577,"3"
0.536455258539805,"a",1.84154053166727,0.769088527975829,"2"
11.3967577609812,"a",-0.245124748667821,1.43564452841563,"3"
1.79961313029713,"a",-1.73079902480359,-1.32154811497537,"2"
4.56342162169408,"b",0.139872854605732,-1.93930019918661,"1"
14.353747109546,"b",3.32135479660942,1.29743876684804,"3"
2.28412227059775,"b",1.90237659446222,-1.31200117002463,"2"
11.9006183606525,"b",1.3666204932353,-1.7206908104079,"3"
11.9956433188798,"b",0.831784082137567,-0.564948383532652,"3"
2.81816382422524,"b",2.96661913590908,0.441724727300913,"1"
4.96169586596312,"b",3.04593594193647,0.330361245510604,"2"
14.7046307650343,"b",3.66588529031949,-0.0048757402492348,"3"
10.4533671654526,"b",9.52532764267628,-0.483104851177674,"2"
-0.410105572503861,"a",0.30973511681452,1.46959707305079,"2"
3.68746822053399,"a",1.81009357613078,1.68939983369557,"2"
-0.303832204701463,"a",1.53817559795944,0.462129702863913,"2"
2.74425265294192,"a",2.49221390042107,2.83105286198956,"1"
-1.41991314766335,"a",0.588992172193721,0.298370211112099,"1"
-0.306342658520467,"a",-0.234686389538506,0.127130278072363,"1"
1.00579538883314,"a",0.645066135452486,0.347847465428248,"2"
6.20252670007757,"a",5.26554610595525,0.0824536873132872,"1"
4.29808618288573,"a",2.47234514098684,-1.3354994397387,"2"
5.27887927687762,"a",2.23410952341486,0.464887868160844,"2"
3.80497853449976,"b",2.08202705987249,0.895404629193994,"2"
4.83896628528044,"a",1.28761866598601,-0.209455805837364,"1"
1.31156396407327,"a",-0.251016145026363,0.742837738869101,"2"
13.3060673217555,"b",4.20589614172167,-1.02114848966948,"3"
3.33739729462376,"b",1.93009513149475,-0.735624256936408,"2"
-1.85037031055333,"b",2.86915007480647,-0.130735411069072,"1"
5.80571054033525,"a",-2.02572366240811,0.512275747946439,"3"
10.872406742792,"a",2.64560754704634,-0.437668277920466,"3"
7.3271811873243,"a",0.716701898439289,-1.39936704824429,"3"
4.95384079729705,"b",2.38423057864066,-0.330987593334551,"1"
2.02725359577264,"a",1.26434985949869,-0.67855363052339,"1"
15.4395441712339,"b",1.69789610753133,-0.574958286117383,"3"
1.35984603858775,"a",2.19170720444074,0.959531703725636,"1"
11.0957667689336,"a",-0.133140982727743,-0.216973322682415,"3"
10.0496386272607,"b",-1.44715394308879,-0.774939958330558,"3"
4.08899202038273,"a",1.64441628814214,-0.811571966932165,"2"
9.52466869267468,"a",0.427891133881037,-1.52446935164693,"3"
-3.98744253702704,"a",-1.12935183491482,-0.252037908102914,"2"
0.687759628165435,"b",-0.0818123804121651,0.42620381917558,"1"
8.57401897836741,"a",-0.907511319065716,0.224390441531861,"3"
5.81677209720765,"a",3.42335855050625,0.158050187835846,"1"
2.02919185406093,"a",-0.139843470498791,-0.79971402698073,"1"
-2.81633794049028,"a",-2.58140239036532,-0.373543894635192,"2"
0.430247487428853,"a",-0.714382339069077,0.34793987733972,"1"
2.70569702595726,"b",2.94725629611674,-0.534004484528128,"2"
4.58126030235177,"a",3.0331344909373,0.72807561045296,"2"
11.3804541083952,"b",-0.210996287575041,0.60218817398997,"3"
5.8231930815819,"b",2.51967876171592,0.447188355584266,"1"
-0.476272871904713,"b",-0.0679959101865584,-0.959249325167812,"1"
-3.31275380415926,"b",-3.23826417517875,0.0826270353809696,"2"
9.26293121851509,"b",2.12537337015983,-0.384718585702269,"3"
4.19103643872363,"a",1.79523191573159,1.48960788753558,"1"
6.41917496337281,"a",5.09019025250938,-0.669240815656262,"2"
2.62206931695894,"b",2.19892471314878,0.369119833872622,"2"
3.57957691601763,"a",1.02770542682611,0.738501659229832,"2"
1.3394928731762,"b",-1.35882189151793,0.950845571284194,"2"
0.736102024115032,"a",2.96841691199996,0.213269110455985,"1"
-1.7919359779555,"a",0.74723994105077,-0.868086025332389,"2"
5.48712894926258,"b",4.07859811597385,-0.359111713360488,"1"
7.74562058448826,"b",8.01369158580917,-0.930169950948186,"1"
4.26366193706398,"b",3.14228637555356,-0.681446819951682,"2"
4.02169608911216,"b",3.86330347917712,-0.00154517236556219,"1"
-3.6691171732917,"a",-1.04242456357395,-1.41943582587625,"1"
3.52379425332689,"a",-1.46631137097046,-0.997638483611259,"3"
-1.23133500591857,"a",0.319134673640626,-0.156796084562824,"1"
5.25127165627029,"a",3.13449230832963,-0.591827363507659,"1"
1.18544899526417,"a",1.5321621547484,1.17569159710288,"2"
6.1686815690032,"b",5.28292737739681,-1.09398476897386,"1"
11.209855344466,"a",1.44822779997946,-0.281862436745622,"3"
-0.842040514721072,"b",-1.93562430093851,-1.22487364958742,"1"
8.99772777526507,"a",0.0676117026032588,1.01980038582015,"3"
14.2157862451194,"b",2.96826244159042,0.098332055734161,"3"
1.12135808375323,"b",0.974906213333672,1.57027700500874,"1"
-0.643437408993555,"a",-1.11324248593227,1.19895546133063,"2"
-2.6356610191459,"a",-0.0477921935592875,-1.1932049213737,"1"
6.18500248381621,"b",3.18837271908343,0.124139530330595,"2"
1.27189047684247,"a",3.35136019921497,0.817512800622988,"2"
6.46307526320541,"a",-2.07198098575781,-0.825721390000645,"3"
-1.03524793378288,"b",0.700531877395689,-1.33881497520993,"2"
-2.97003838040479,"a",-0.344924157162971,1.3222146105248,"1"
1.37645549157929,"a",4.39689744097939,-0.549414729120851,"2"
-1.64679096084914,"b",1.60544422726132,-2.13437028733716,"2"
1.59524465130258,"a",1.7253815463468,1.82260567305818,"2"
1.89171671107361,"a",1.95707487987866,-0.855688106895772,"2"
3.20188554542293,"a",3.05614953515084,-0.460059841394506,"1"
6.46632994324494,"a",-2.41793074106905,-2.11761892860268,"3"
1.7803833845615,"a",2.35976995712072,-0.316106295577018,"1"
-0.0170083228387224,"b",-1.22118819969292,0.304179131846049,"2"
0.332483264554847,"a",-1.20321539208441,0.373764777273621,"1"
5.70052506535365,"b",3.55498075390101,0.91239806430725,"1"
13.7352070608906,"b",3.44358017069808,-0.0167242553883862,"3"
2.44485472605393,"a",4.55963667388067,-2.8795542487407,"2"
0.0309980250704116,"a",1.74764128440532,0.936959504002215,"2"
-1.54794988813529,"a",1.00613137027967,-0.656387788903208,"2"
2.41948144555974,"a",1.20856892530762,1.99609965394344,"2"
-1.32817038112687,"b",0.897694278863689,-0.814930616264293,"1"
14.7112949559103,"a",0.471815131802887,0.389161548134938,"3"
2.99851992075853,"b",4.25167987097177,0.269389598936139,"2"
5.65039679441265,"a",2.99409631077461,-0.456455919383756,"1"
0.662824370355328,"a",0.240291244928249,1.25268717974392,"1"
1.20863558882064,"a",0.512925534406174,-1.94064248569195,"2"
-0.504711091344041,"a",1.33812174513967,-0.0299381211800298,"1"
11.3519034212281,"b",1.4868838093381,-0.804623679831882,"3"
4.92982015919642,"b",3.41056636221008,0.366413702833461,"1"
-0.184817593038719,"b",0.440912438869918,-1.93276914088575,"2"
12.9214303211244,"a",3.11010634270132,0.414744195990245,"3"
-4.60494740150071,"a",-2.14145965891381,0.333208091449519,"2"
11.9699112467051,"a",1.55577173245155,1.13889048905242,"3"
9.06596893934156,"a",1.49700581608567,-1.23735919339011,"3"
4.93212951888917,"b",3.83728770189994,0.740661490713635,"1"
1.43831846675579,"a",3.65395725015063,-0.0775663864172208,"2"
-1.39154361591811,"b",0.164165815420054,-0.314058342372945,"2"
0.490499816229414,"a",3.05473735271211,0.636366030814845,"2"
0.891125465042154,"a",-3.63063860867314,-0.625160185203779,"3"
1.24230993434478,"b",1.94435329033194,0.687304826082824,"1"
2.84104771161727,"b",1.78669173994707,0.940491821961315,"1"
17.6833655742555,"b",4.21731725169372,-0.257611296981265,"3"
-3.30257164543507,"a",-1.94993271454342,0.857500618080295,"1"
6.84813794037562,"b",3.98927636429787,-0.323766079218337,"1"
-0.347745927421626,"a",0.874776241395872,0.0676760113970475,"2"
11.7660519855814,"b",3.91230327936058,0.195178544254791,"3"
-1.6849864118476,"a",0.0445500237532737,0.367655314172287,"2"
3.10236580728651,"a",1.5401705128402,-0.726679742466706,"2"
2.56988002110776,"a",3.37243252520118,-1.20498697242377,"2"
4.58315366122319,"b",5.23115776931675,1.53815684008121,"2"
1.17962913245251,"a",2.42393761349867,-0.905409392362011,"1"
6.01953228706429,"b",1.51331874423583,0.763923381431422,"2"
7.49853274752982,"b",6.49802654604498,0.481881624147374,"1"
0.010806624114426,"b",-1.87625650724485,0.543540543313526,"1"
4.7580336890525,"b",3.67310161255626,0.304231059636564,"1"
15.6246082344081,"b",4.81632334299937,1.03014565700171,"3"
2.98831374471937,"b",1.42755341332452,-1.40174696208061,"2"
5.03487505800595,"b",-0.204454885341329,-0.255820869886788,"2"
7.29300477024261,"a",-0.568779845739505,-0.188667634573519,"3"
13.4633036307383,"b",2.43872213655061,1.45903256569321,"3"
0.94292838671838,"a",0.939845444943748,-1.58485921074233,"2"
5.02050987678469,"b",3.50638720587132,0.322448884675072,"2"
11.3542737615951,"a",0.696883089760993,1.12389117039216,"3"
7.44891279495183,"b",4.01952454202243,1.0955725611628,"2"
11.914915463945,"a",-0.386863942809166,-0.320276031020384,"3"
0.125798094587453,"a",2.11764182269429,-0.827094142785128,"2"
10.7086357454645,"a",1.72465435570422,-0.256373267500082,"3"
4.41996110530667,"b",3.4638184758875,1.90278355773236,"1"
14.5432935392319,"a",2.43664902091867,0.15999632273053,"3"
3.78666802171173,"b",2.42153471751193,0.929600263556541,"1"
2.99567966516341,"b",4.35726578496591,0.943979480890354,"1"
7.37411988470092,"b",3.09123185035931,-2.96355125922375,"1"
15.445206642541,"b",5.12066650905127,-1.46349006344186,"3"
10.06894716967,"a",0.565461316890553,1.52674252758556,"3"
15.277014395283,"b",2.44673511120528,0.624215437717928,"3"
4.20805835324806,"a",3.33163605388599,1.00673893065603,"1"
10.2932685670089,"a",1.13521327959109,1.30687620250508,"3"
4.31416457566321,"a",4.19397606058574,0.0717309560695801,"2"
0.648292942960752,"b",1.1201677847898,0.350677317381214,"2"
8.88780718796816,"a",-0.436450872358559,-0.531655996244807,"3"
4.37286628499964,"b",3.17418004668339,-0.432546846892617,"1"
12.5875512492156,"b",1.78845511836277,0.420044424361232,"3"
6.92188117547185,"a",-1.41046318621511,1.27889663260421,"3"
8.5562242903644,"a",-0.91531843604667,-0.714583695616779,"3"
17.231595906271,"b",5.68832520701466,1.73574772478935,"3"
0.339791565930423,"a",0.458773770049347,-2.57156647746559,"1"
5.50462997295246,"b",3.71285982263902,0.287720440052188,"1"
10.5015129069078,"a",-0.476492277792651,-1.59458177119609,"3"
15.8235052834534,"b",5.57055190796104,-0.119627047236852,"3"
14.2828643013147,"b",2.99524083997833,0.504543211819749,"3"
16.2551056299038,"b",6.2142456012648,-0.94562023655742,"3"
15.1218153841636,"a",4.57312378522792,0.867702997887807,"3"
18.1274923667666,"b",1.47288490726593,0.697770752533046,"3"
9.26802491205715,"b",7.06451362617917,0.0898684001775899,"1"
11.3166881771379,"a",-3.52809204568594,0.249402172182537,"3"
9.38187183136619,"a",3.15392456459056,1.21088405203957,"3"
3.67359529766423,"a",1.97249368847466,-0.41779097818929,"1"
1.62428441175527,"b",1.68503979183348,0.501955697787829,"2"
7.01425753092211,"a",-4.45864014060384,-0.24949433743722,"3"
1.27552296267154,"b",-1.00823896920248,1.76497631117725,"2"
1.37078587250128,"b",1.28607972186773,0.116941816656862,"1"
4.43721135928406,"b",1.07037883363281,-0.804056532328759,"2"
12.1381373334189,"b",4.48778947731107,-1.44104467051622,"3"
2.97520391232614,"a",2.05788686817726,0.735260919365198,"2"
5.15448609866197,"b",1.74044654372366,-0.434369474917058,"1"
7.42975453120705,"a",1.41813096569683,1.06024301835145,"3"
14.7846154319867,"a",3.45607114120819,-0.335081517141127,"3"
-3.78732685869439,"a",-1.09721389555764,0.0827468810094978,"2"
17.2942287007596,"b",3.84074794119167,1.20942680410083,"3"
10.7290710371118,"a",3.88312058921443,-0.904416827819314,"3"
0.693146184208677,"a",-0.779609071819374,0.860648147636026,"2"
9.60052138256586,"b",5.27410270903579,0.925881586650909,"2"
3.19829277068541,"b",3.9072629417468,0.196320409726587,"2"
3.60235382066741,"a",-0.0288676129165115,-1.56866227541278,"2"
-6.15589607886534,"a",-3.45305403936324,-0.181202781711123,"1"
14.7617294248038,"b",2.96584077647054,-1.17543251197095,"3"
5.40390965332718,"b",4.00136921933213,0.24756648326086,"1"
4.33878073849087,"a",2.68706027364087,1.03465560392866,"1"
3.57838457975011,"b",2.27720891822098,-1.07328275045714,"1"
